position,label,mutation,frequency,coverage
5385,~5386G,T5386G,0.9189189189189182,37
22881,~22882G,aa:S:N440K,0.9142857142857145,35
22897,~22898A,aa:S:G446S,0.9142857142857145,35
22991,~22992A,aa:S:S477N,0.9782608695652169,46
22994,~22995A,aa:S:T478K,0.9565217391304343,46
22994,~22995T,aa:S:T478I,0.021739130434782608,46
23012,~23013C,aa:S:E484A,0.9791666666666673,48
23039,~23040G,aa:S:Q493R,0.9803921568627458,51
23047,~23048A,aa:S:G496S,0.9803921568627458,51
23054,~23055G,aa:S:Q498R,0.921568627450981,51
23062,~23063T,aa:S:N501Y,0.9795918367346946,49
23062,~23063G,aa:S:N501D,0.02040816326530612,49
23074,~23075C,aa:S:Y505H,0.9767441860465123,43
28361,-28362.9,del:28362:9,0.8936170212765945,94
28310,~28311T,aa:N:P13L,0.9406779661016932,118
19469,~19470A,aa:orf1b:C2001*,0.02564102564102564,39
26269,~26270T,aa:E:T9I,1.0000000000000004,41
22817,~22818A,aa:S:A419D,0.03571428571428571,28
22782,~22783G,C22783G,0.037037037037037035,27
22812,~22813T,aa:S:K417N,0.9285714285714283,28
13512,~13513A,aa:orf1b:G16S,0.05,20
2831,~2832G,aa:orf1a:K856R,0.9797979797979779,99
3036,~3037T,C3037T,0.9854368932038832,206
27806,~27807T,C27807T,0.9824561403508787,57
26529,~26530G,aa:M:D3G,0.973684210526315,38
26576,~26577G,aa:M:Q19E,0.9705882352941178,34
26576,~26577T,aa:M:Q19*,0.029411764705882353,34
14189,~14190G,T14190G,0.029411764705882353,34
14407,~14408T,aa:orf1b:P314L,1.0000000000000007,49
10028,~10029T,aa:orf1a:T3255I,1.0000000000000002,35
24423,~24424T,aa:S:Q954H,0.9722222222222225,36
24468,~24469A,aa:S:N969K,0.9807692307692316,52
24502,~24503T,aa:S:L981F,0.9833333333333347,60
24265,~24266G,aa:S:M902V,0.030303030303030304,33
24246,~24247C,aa:S:Q895H,0.029411764705882353,34
24247,~24248G,aa:S:I896V,0.029411764705882353,34
24247,~24248T,aa:S:I896L,0.029411764705882353,34
21761,~21762T,aa:S:A67V,1.0000000000000007,42
21764,-21765.6,del:21765:6,0.9047619047619054,42
21845,~21846T,aa:S:T95I,0.9696969696969691,33
21555,~21556T,A21556T,0.030303030303030304,33
23598,~23599G,aa:S:N679K,1.0000000000000018,89
23603,~23604A,aa:S:P681H,0.9892473118279563,93
23603,~23604G,aa:S:P681R,0.010752688172043012,93
19254,~19255T,C19255T,0.022222222222222223,45
25583,~25584T,C25584T,1.0000000000000004,45
17624,~17625C,A17625C,0.03333333333333333,30
28882,~28883C,aa:N:G204R,0.9999999999999997,28
28880,~28881A,aa:N:R203K,0.9999999999999997,28
28881,~28882A,G28882A,0.9999999999999997,28
1326,~1327G,C1327G,0.04,25
5292,~5293C,T5293C,0.023255813953488372,43
15239,~15240T,C15240T,0.9512195121951225,41
23853,~23854A,aa:S:N764K,0.9666666666666657,120
2254,~2255C,aa:orf1a:I664L,0.034482758620689655,29
26708,~26709A,aa:M:A63T,0.9862068965517258,145
28789,~28790T,aa:N:A173S,0.017241379310344827,58
9223,~9224T,aa:orf1a:G2987C,0.015873015873015872,63
9228,~9229A,T9229A,0.015625,64
23402,~23403G,aa:S:D614G,1.000000000000001,56
23524,~23525T,aa:S:H655Y,0.9622641509433961,53
23510,~23511G,aa:S:L650*,0.01818181818181818,55
3127,~3128C,aa:orf1a:Y955H,0.00546448087431694,183
26911,~26912A,C26912A,0.00641025641025641,156
26676,~26677C,aa:M:I52T,0.007575757575757576,132
11282,-11283.9,del:11283:9,0.6785714285714284,28
25436,~25437T,aa:orf3a:L15F,0.018518518518518517,54
10448,~10449A,aa:orf1a:P3395H,0.9705882352941178,34
10147,~10148A,aa:orf1a:L3295I,0.025,40
24129,~24130A,aa:S:N856K,0.9999999999999999,15
23947,~23948T,aa:S:D796Y,0.9999999999999996,24
23937,~23938G,A23938G,0.03125,32
25843,~25844T,aa:orf3a:T151I,0.14285714285714285,42
25929,~25930A,aa:orf3a:S180T,0.024390243902439025,41
27258,~27259G,aa:orf6:R20G,0.016666666666666666,60
27258,~27259C,A27259C,0.9333333333333346,60
21871,~21872G,aa:S:W104G,0.03125,32
2257,~2258A,aa:orf1a:V665I,0.034482758620689655,29
8885,~8886C,aa:orf1a:L2874S,0.017857142857142856,56
8893,~8894G,aa:orf1a:T2877A,0.018867924528301886,53
8965,~8966T,aa:orf1a:K2901*,0.020833333333333332,48
8895,~8896A,T8896A,0.0196078431372549,51
2558,~2559A,aa:orf1a:P765Q,0.023255813953488372,43
28826,~28827T,aa:N:R185L,0.018867924528301886,53
23877,~23878G,T23878G,0.009615384615384616,104
23655,~23656C,A23656C,0.008333333333333333,120
3172,~3173A,aa:orf1a:Q970K,0.008849557522123894,113
11536,~11537G,aa:orf1a:I3758V,0.9999999999999993,31
5811,~5812T,C5812T,0.40816326530612257,49
5627,~5628G,aa:orf1a:T1788R,0.023809523809523808,42
2842,~2843C,aa:orf1a:Y860H,0.00819672131147541,122
21986,-21987.9,del:21987:9,0.7333333333333333,30
22193,-22194.3,del:22194:3,0.7037037037037035,27
27218,~27219A,aa:orf6:D6E,0.01282051282051282,78
26931,~26932T,aa:M:E137V,0.006944444444444444,144
26646,~26647T,aa:M:R42M,0.008849557522123894,113
8353,~8354A,aa:orf1a:R2697S,0.02702702702702703,37
8392,~8393A,aa:orf1a:A2710T,1.0000000000000002,20
24999,~25000T,C25000T,0.9814814814814804,54
27526,~27527A,aa:orf7a:P45Q,0.021739130434782608,46
27843,~27844C,aa:orf7b:F30S,0.02040816326530612,49
23861,~23862G,aa:S:L767*,0.008547008547008548,117
28270,~28271T,A28271T,0.973684210526318,114
28270,-28271.1,del:28271:1,0.008771929824561403,114
22577,~22578A,aa:S:G339D,0.9696969696969691,33
22673,~22674T,aa:S:S371F,0.8787878787878782,33
22685,~22686T,aa:S:S375F,0.9090909090909085,33
22678,~22679C,aa:S:S373P,0.9090909090909085,33
22672,~22673C,aa:S:S371P,0.6969696969696966,33
28820,~28821G,aa:N:S183C,0.018518518518518517,54
28837,~28838G,aa:N:R189G,0.04081632653061224,49
2270,~2271C,aa:orf1a:K669T,0.03333333333333333,30
2476,~2477C,aa:orf1a:E738Q,0.04,25
2442,~2443C,aa:orf1a:E726D,0.03333333333333333,30
2195,-2196.1,del:2196:1,0.023255813953488372,43
8363,~8364C,aa:orf1a:N2700T,0.02857142857142857,35
8337,~8338C,T8338C,0.02564102564102564,39
8376,~8377C,A8377C,0.06451612903225806,31
8385,~8386G,aa:orf1a:H2707Q,0.038461538461538464,26
10134,~10135C,T10135C,0.0975609756097561,41
26233,~26234G,A26234G,0.025,40
19859,~19860A,T19860A,0.037037037037037035,27
23201,~23202A,aa:S:T547K,0.9999999999999996,24
26692,~26693T,aa:M:L57F,0.014388489208633094,139
18162,~18163G,aa:orf1b:I1566V,0.916666666666667,36
3480,~3481G,A3481G,0.14285714285714285,42
23631,~23632C,aa:S:Q690H,0.009259259259259259,108
4971,~4972A,G4972A,0.02127659574468085,47
22762,~22763A,aa:S:V401I,0.03571428571428571,28
16816,~16817G,aa:orf1b:Q1117R,0.03225806451612903,31
17064,~17065C,aa:orf1b:Y1200H,0.045454545454545456,22
28216,~28217A,aa:orf8:F108L,0.011627906976744186,86
28267,~28268C,A28268C,0.008849557522123894,113
240,~241T,C241T,0.9999999999999999,10
26675,~26676T,aa:M:I52F,0.007633587786259542,131
26678,~26679G,aa:M:F53V,0.007575757575757576,132
26662,~26663G,aa:M:Y47*,0.00847457627118644,118
3104,~3105C,aa:orf1a:Y947S,0.0051813471502590676,193
18381,~18382A,aa:orf1b:V1639I,0.04,25
18377,~18378C,A18378C,0.04,25
15922,~15923G,aa:orf1b:Y819C,0.07142857142857142,14
25390,~25391A,T25391A,0.017857142857142856,56
14309,~14310C,aa:orf1b:W281C,0.029411764705882353,34
9239,~9240A,aa:orf1a:S2992*,0.015151515151515152,66
9493,~9494T,aa:orf1a:V3077L,0.02564102564102564,39
8956,~8957T,aa:orf1a:T2898S,0.02,50
8956,~8957C,aa:orf1a:T2898P,0.02,50
25949,~25950C,T25950C,0.024390243902439025,41
25725,~25726A,aa:orf3a:V112I,0.02702702702702703,37
28543,~28544C,aa:N:T91P,0.015151515151515152,66
23635,~23636C,aa:S:I692L,0.009174311926605505,109
13194,~13195C,T13195C,1.0000000000000002,35
28877,~28878C,aa:N:S202T,0.33333333333333326,33
28876,~28877T,aa:N:S202C,0.29411764705882354,34
28023,~28024T,aa:orf8:K44I,0.03773584905660377,53
28019,~28020G,aa:orf8:S43A,0.019230769230769232,52
3469,~3470C,aa:orf1a:G1069R,0.020833333333333332,48
28110,~28111C,aa:orf8:Y73S,0.01639344262295082,61
28562,~28563T,aa:N:G97V,0.01639344262295082,61
17372,~17373A,C17373A,0.02857142857142857,35
15030,~15031G,aa:orf1b:T522A,0.030303030303030304,33
23859,~23860A,T23860A,0.00847457627118644,118
23896,~23897G,aa:S:Q779E,0.011363636363636364,88
23896,~23897A,aa:S:Q779K,0.011363636363636364,88
3147,~3148G,A3148G,0.006622516556291391,151
3103,~3104C,aa:orf1a:Y947H,0.10256410256410255,195
25707,~25708T,aa:orf3a:L106F,0.08823529411764705,34
22598,~22599A,aa:S:R346K,0.12121212121212122,33
20767,~20768A,aa:orf1b:P2434H,0.018518518518518517,54
11035,~11036A,aa:orf1a:L3591I,0.023255813953488372,43
24436,~24437G,aa:S:L959V,0.02564102564102564,39
378,~379A,C379A,0.05555555555555555,18
25645,~25646C,aa:orf3a:L85S,0.024390243902439025,41
25623,~25624G,aa:orf3a:H78D,0.022727272727272728,44
16222,~16223G,aa:orf1b:H919R,0.018867924528301886,53
4388,~4389C,aa:orf1a:L1375S,0.015384615384615385,65
12272,~12273C,aa:orf1a:K4003T,0.02631578947368421,38
14661,~14662A,aa:orf1b:Q399K,0.025,40
26077,~26078T,aa:orf3a:T229I,0.13636363636363638,44
26077,~26078A,aa:orf3a:T229N,0.022727272727272728,44
5729,~5730T,aa:orf1a:T1822I,0.14285714285714285,49
21109,~21110A,aa:orf1b:T2548N,0.014492753623188406,69
2594,~2595A,aa:orf1a:P777Q,0.0196078431372549,51
22757,~22758T,aa:S:S399L,0.03571428571428571,28
5891,~5892A,aa:orf1a:T1876N,0.02631578947368421,38
932,~933T,aa:orf1a:D223V,0.015873015873015872,63
653,~654C,aa:orf1a:G130A,0.03125,32
6240,~6241T,aa:orf1a:W1992C,0.041666666666666664,24
8354,~8355T,aa:orf1a:R2697L,0.02702702702702703,37
20413,~20414C,aa:orf1b:L2316S,0.018518518518518517,54
14668,~14669G,aa:orf1b:V401G,0.024390243902439025,41
25146,~25147C,aa:S:E1195D,0.029411764705882353,34
21843,~21844G,C21844G,0.029411764705882353,34
25958,~25959C,T25959C,0.02127659574468085,47
28550,~28551T,aa:N:R93L,0.015873015873015872,63
4321,~4322G,aa:orf1a:F1353V,0.017241379310344827,58
4379,~4380A,aa:orf1a:S1372Y,0.015151515151515152,66
11039,~11040G,aa:orf1a:L3592*,0.023809523809523808,42
11027,~11028C,aa:orf1a:L3588S,0.02564102564102564,39
23857,~23858C,aa:S:A766P,0.00847457627118644,118
8644,~8645T,aa:orf1a:H2794Y,0.08695652173913043,46
17599,~17600C,aa:orf1b:L1378S,0.027777777777777776,36
26920,~26921C,T26921C,0.006578947368421052,152
26680,~26681A,aa:M:F53L,0.007518796992481203,133
26895,~26896G,aa:M:H125R,0.006756756756756757,148
26895,~26896C,aa:M:H125P,0.006756756756756757,148
26635,~26636G,C26636G,0.018691588785046728,107
12589,~12590T,aa:orf1a:V4109F,0.0196078431372549,51
26674,~26675G,A26675G,0.007633587786259542,131
18273,~18274T,aa:orf1b:A1603S,0.034482758620689655,29
18273,~18274C,aa:orf1b:A1603P,0.034482758620689655,29
4412,~4413C,aa:orf1a:E1383A,0.01818181818181818,55
13532,~13533T,A13533T,0.06666666666666667,15
26946,~26947T,aa:M:A142V,0.007751937984496124,129
9781,~9782G,aa:orf1a:S3173G,0.03125,32
14981,~14982C,T14982C,0.041666666666666664,24
14417,~14418G,aa:orf1b:F317L,0.02040816326530612,49
4076,~4077C,aa:orf1a:V1271A,0.016129032258064516,62
3716,~3717A,aa:orf1a:A1151D,0.02564102564102564,39
18937,~18938C,aa:orf1b:G1824A,0.030303030303030304,33
18933,~18934G,aa:orf1b:I1823V,0.03225806451612903,31
12261,-12262.1,del:12262:1,0.02564102564102564,39
8639,~8640A,aa:orf1a:P2792H,0.02127659574468085,47
28330,~28331A,aa:N:P20T,0.008849557522123894,113
395,~396T,aa:orf1a:Q44L,0.05263157894736842,19
377,~378G,aa:orf1a:V38G,0.05555555555555555,18
23891,~23892G,aa:S:N777S,0.02127659574468085,94
25133,~25134G,aa:S:K1191R,0.024390243902439025,41
28025,~28026C,aa:orf8:W45R,0.018518518518518517,54
27768,~27769A,aa:orf7b:S5*,0.01639344262295082,61
11892,~11893A,G11893A,0.019230769230769232,52
3052,~3053T,aa:orf1a:D930Y,0.0049504950495049506,202
29209,~29210T,aa:N:A313S,0.037037037037037035,27
11455,~11456G,aa:orf1a:I3731V,0.03225806451612903,31
26357,~26358C,A26358C,0.10256410256410256,39
1024,~1025T,aa:orf1a:P254S,0.034482758620689655,29
1013,~1014T,aa:orf1a:E250V,0.03125,32
11928,~11929T,aa:orf1a:W3888C,0.021739130434782608,46
16178,~16179G,A16179G,0.0196078431372549,51
21351,~21352G,aa:orf1b:R2629G,0.029411764705882353,34
24847,~24848T,aa:S:V1096F,0.02,50
13430,~13431T,aa:orf1a:P4389L,0.024390243902439025,41
13500,~13501T,aa:orf1b:P12S,0.04,25
24175,~24176A,aa:S:Q872K,0.05555555555555555,18
24170,~24171A,aa:S:I870N,0.07142857142857142,14
22204,+22205.GAGCCAGAA,ins:22205:9,0.46153846153846145,26
22014,~22015G,aa:S:S151R,0.02857142857142857,35
22264,~22265G,aa:S:I235V,0.125,8
8043,~8044C,T8044C,0.023255813953488372,43
15002,~15003G,aa:orf1b:Y512*,0.034482758620689655,29
8318,~8319A,aa:orf1a:P2685H,0.02564102564102564,39
7013,~7014C,aa:orf1a:L2250S,0.014925373134328358,67
28484,~28485C,aa:N:G71A,0.017543859649122806,57
28215,~28216G,aa:orf8:F108C,0.011764705882352941,85
24507,~24508G,A24508G,0.01694915254237288,59
11009,~11010C,aa:orf1a:W3582S,0.02564102564102564,39
4139,~4140G,aa:orf1a:Q1292R,0.0819672131147541,61
4104,~4105T,aa:orf1a:K1280N,0.017543859649122806,57
7089,~7090C,T7090C,0.0196078431372549,51
6772,~6773A,aa:orf1a:P2170T,0.016666666666666666,60
965,~966C,aa:orf1a:H234P,0.0196078431372549,51
16730,~16731G,T16731G,0.058823529411764705,17
16707,~16708A,aa:orf1b:L1081M,0.16666666666666666,6
7793,~7794C,aa:orf1a:Q2510P,0.04,25
6512,-6513.3,del:6513:3,0.8536585365853663,41
6512,~6513A,aa:orf1a:S2083N,0.0975609756097561,41
6512,~6513T,aa:orf1a:S2083I,0.024390243902439025,41
6822,~6823G,A6823G,0.0125,80
21326,~21327G,C21327G,0.02,50
20155,~20156T,aa:orf1b:Y2230F,0.029411764705882353,34
20155,~20156C,aa:orf1b:Y2230S,0.029411764705882353,34
26017,~26018G,aa:orf3a:S209*,0.019230769230769232,52
10123,~10124C,aa:orf1a:T3287P,0.024390243902439025,41
26898,~26899T,aa:M:G126V,0.013071895424836602,153
26898,~26899A,aa:M:G126D,0.006535947712418301,153
26898,~26899C,aa:M:G126A,0.006535947712418301,153
3151,~3152T,aa:orf1a:G963C,0.006944444444444444,144
19153,~19154T,aa:orf1b:T1896I,0.024390243902439025,41
18947,~18948A,G18948A,0.027777777777777776,36
10409,~10410C,aa:orf1a:N3382T,0.024390243902439025,41
4271,~4272T,aa:orf1a:G1336V,0.01694915254237288,59
28557,~28558G,T28558G,0.015625,64
28353,~28354T,C28354T,0.01,100
694,~695T,aa:orf1a:D144Y,0.01818181818181818,55
24557,~24558T,aa:S:G999V,0.025,40
24551,~24552G,aa:S:I997S,0.022222222222222223,45
24537,~24538T,aa:S:Q992H,0.0196078431372549,51
19600,~19601C,aa:orf1b:N2045T,0.027777777777777776,36
19601,~19602A,aa:orf1b:N2045K,0.027777777777777776,36
12314,~12315C,aa:orf1a:R4017T,0.023809523809523808,42
12581,~12582T,aa:orf1a:S4106I,0.018518518518518517,54
13542,~13543C,aa:orf1b:F26L,0.0625,16
13737,~13738A,aa:orf1b:D91N,0.05,20
7132,~7133T,aa:orf1a:V2290F,0.02857142857142857,35
16992,~16993A,aa:orf1b:Y1176N,0.03125,32
2953,~2954C,T2954C,0.0048543689320388345,206
2941,~2942A,aa:orf1a:L893M,0.004878048780487805,205
26028,~26029A,aa:orf3a:Q213K,0.02127659574468085,47
26027,~26028G,aa:orf3a:Y212*,0.0392156862745098,51
26007,~26008C,aa:orf3a:Y206H,0.0196078431372549,51
26045,~26046G,A26046G,0.023809523809523808,42
26031,~26032G,aa:orf3a:L214V,0.02127659574468085,47
26016,~26017C,aa:orf3a:S209P,0.019230769230769232,52
26055,~26056A,aa:orf3a:D222N,0.023255813953488372,43
18698,~18699A,T18699A,0.18181818181818182,33
19208,~19209C,T19209C,0.044444444444444446,45
19208,~19209G,aa:orf1b:D1914E,0.022222222222222223,45
19224,~19225A,aa:orf1b:S1920T,0.022727272727272728,44
7093,~7094T,aa:orf1a:T2277S,0.02040816326530612,49
7044,~7045C,T7045C,0.017543859649122806,57
29089,~29090A,aa:N:A273T,0.03333333333333333,30
16379,~16380A,aa:orf1b:Y971*,0.02127659574468085,47
14687,~14688A,aa:orf1b:N407K,0.023809523809523808,42
14687,~14688G,aa:orf1b:N407K,0.023809523809523808,42
6257,~6258A,aa:orf1a:T1998N,0.038461538461538464,26
26944,~26945G,A26945G,0.015267175572519083,131
26860,~26861C,T26861C,0.006944444444444444,144
26908,~26909T,G26909T,0.006535947712418301,153
27968,~27969C,aa:orf8:T26P,0.024390243902439025,41
8616,~8617A,T8617A,0.02564102564102564,39
23301,~23302T,aa:S:Q580H,0.017543859649122806,57
12015,~12016G,T12016G,0.02857142857142857,35
7461,~7462C,T7462C,0.05263157894736842,19
7483,~7484C,aa:orf1a:S2407P,0.05263157894736842,19
20382,~20383C,aa:orf1b:A2306P,0.029411764705882353,34
19631,~19632C,T19632C,0.02631578947368421,38
11313,~11314A,T11314A,0.034482758620689655,29
8082,~8083T,aa:orf1a:M2606I,0.023809523809523808,42
23306,~23307C,aa:S:L582P,0.03636363636363636,55
986,~987C,aa:orf1a:Y241S,0.022222222222222223,45
24460,~24461T,aa:S:S967C,0.02040816326530612,49
24534,-24535.1,del:24535:1,0.02,50
24800,~24801T,aa:S:A1080V,0.020833333333333332,48
21348,~21349C,aa:orf1b:W2628R,0.02702702702702703,37
21033,~21034T,aa:orf1b:L2523F,0.16326530612244897,49
20683,~20684G,aa:orf1b:V2406G,0.015873015873015872,63
15007,~15008G,aa:orf1b:D514G,0.03225806451612903,31
770,~771A,aa:orf1a:V169D,0.013513513513513514,74
12358,~12359T,aa:orf1a:M4032L,0.022727272727272728,44
28591,~28592C,A28592C,0.02,50
28834,~28835A,aa:N:S188T,0.0196078431372549,51
18062,~18063G,aa:orf1b:F1532L,0.027777777777777776,36
10705,~10706A,aa:orf1a:W3481R,0.041666666666666664,24
23545,~23546G,aa:S:C662G,0.021739130434782608,46
9208,~9209A,aa:orf1a:E2982K,0.01694915254237288,59
9035,~9036T,aa:orf1a:D2924V,0.023255813953488372,43
5999,~6000C,aa:orf1a:I1912T,0.05555555555555555,18
19537,~19538A,aa:orf1b:M2024K,0.021739130434782608,46
23876,-23877.1,del:23877:1,0.009433962264150943,106
23855,~23856A,aa:S:R765H,0.00847457627118644,118
23855,~23856C,aa:S:R765P,0.00847457627118644,118
23858,~23859G,aa:S:A766G,0.00847457627118644,118
20712,~20713G,aa:orf1b:R2416G,0.015384615384615385,65
28115,~28116A,aa:orf8:D75N,0.016129032258064516,62
26910,~26911G,aa:M:T130S,0.006493506493506494,154
5898,~5899G,A5899G,0.02564102564102564,39
5882,~5883G,aa:orf1a:Y1873C,0.025,40
28542,~28543C,T28543C,0.015151515151515152,66
6826,~6827G,aa:orf1a:S2188A,0.013157894736842105,76
20394,~20395C,aa:orf1b:K2310Q,0.022222222222222223,45
25351,~25352A,aa:S:V1264M,0.08,50
11379,~11380C,T11380C,0.03125,32
11624,~11625T,aa:orf1a:G3787V,0.04,25
11347,~11348T,aa:orf1a:M3695L,0.03125,32
11404,~11405C,aa:orf1a:V3714L,0.03333333333333333,30
11419,~11420C,aa:orf1a:Y3719H,0.03571428571428571,28
11403,~11404C,T11404C,0.03333333333333333,30
11661,~11662G,A11662G,0.02631578947368421,38
4339,~4340C,aa:orf1a:I1359L,0.016666666666666666,60
3728,~3729T,aa:orf1a:G1155V,0.02702702702702703,37
23026,~23027G,aa:S:Y489D,0.02,50
28327,~28328T,aa:N:G19*,0.008771929824561403,114
3177,~3178G,T3178G,0.00980392156862745,102
11954,~11955T,aa:orf1a:D3897V,0.020833333333333332,48
774,~775A,C775A,0.013333333333333334,75
8690,~8691G,aa:orf1a:Y2809C,0.0196078431372549,51
8677,~8678T,aa:orf1a:E2805*,0.02,50
1353,~1354G,aa:orf1a:N363K,0.05,20
28500,~28501G,C28501G,0.019230769230769232,52
28533,~28534G,aa:N:Y87*,0.015151515151515152,66
2835,~2836A,aa:orf1a:C857*,0.009708737864077669,103
8111,~8112T,aa:orf1a:A2616V,0.022727272727272728,44
8347,~8348C,aa:orf1a:S2695R,0.024390243902439025,41
4353,~4354A,G4354A,0.015625,64
26950,~26951T,G26951T,0.007936507936507936,126
14434,~14435G,aa:orf1b:K323R,0.020833333333333332,48
4630,-4631.1,del:4631:1,0.02127659574468085,47
24745,~24746G,aa:S:F1062V,0.03571428571428571,28
3130,~3131A,aa:orf1a:Q956K,0.005649717514124294,177
9788,~9789G,aa:orf1a:F3175C,0.02857142857142857,35
28037,~28038T,aa:orf8:V49L,0.016666666666666666,60
17944,~17945A,aa:orf1b:V1493E,0.045454545454545456,22
14681,~14682A,aa:orf1b:N405K,0.023809523809523808,42
14653,~14654G,aa:orf1b:V396G,0.02631578947368421,38
14653,~14654A,aa:orf1b:V396D,0.02631578947368421,38
9490,~9491A,aa:orf1a:H3076N,0.02702702702702703,37
9513,~9514G,A9514G,0.023255813953488372,43
21946,~21947T,aa:S:K129*,0.04,25
21636,~21637A,C21637A,0.02,50
21637,~21638T,aa:S:P26S,0.02,50
2189,~2190A,aa:orf1a:L642H,0.023255813953488372,43
3168,~3169A,T3169A,0.008403361344537815,119
13441,~13442C,aa:orf1a:S4393P,0.02631578947368421,38
13441,~13442G,aa:orf1a:S4393A,0.02631578947368421,38
25358,~25359T,aa:S:K1266I,0.0196078431372549,51
2909,~2910T,aa:orf1a:T882I,0.005235602094240838,191
3121,~3122T,aa:orf1a:D953Y,0.005319148936170213,188
10150,~10151T,aa:orf1a:D3296Y,0.025,40
10167,~10168C,T10168C,0.030303030303030304,33
8672,~8673A,aa:orf1a:S2803*,0.021739130434782608,46
19190,~19191A,aa:orf1b:F1908L,0.023809523809523808,42
23614,~23615G,aa:S:R685G,0.00980392156862745,102
23614,~23615A,aa:S:R685S,0.00980392156862745,102
28076,~28077C,aa:orf8:V62L,0.014925373134328358,67
28076,~28077T,aa:orf8:V62L,0.014925373134328358,67
23671,~23672C,aa:S:S704P,0.007936507936507936,126
8093,~8094C,aa:orf1a:K2610T,0.023809523809523808,42
8093,~8094G,aa:orf1a:K2610R,0.023809523809523808,42
2469,~2470T,C2470T,0.04,25
2480,~2481C,aa:orf1a:I739T,0.043478260869565216,23
24522,~24523C,T24523C,0.018518518518518517,54
6203,~6204T,aa:orf1a:K1980M,0.04,25
28865,~28866G,aa:N:T198S,0.022222222222222223,45
29421,~29422T,G29422T,0.05,20
15901,~15902G,aa:orf1b:K812R,0.06666666666666667,15
18932,~18933C,A18933C,0.03333333333333333,30
17941,~17942G,aa:orf1b:K1492R,0.05,20
12559,~12560G,aa:orf1a:Q4099E,0.0196078431372549,51
22176,~22177A,T22177A,0.034482758620689655,29
22190,~22191C,aa:S:I210T,0.037037037037037035,27
23582,~23583G,aa:S:Y674C,0.01282051282051282,78
21329,~21330T,aa:orf1b:M2621I,0.02040816326530612,49
8055,~8056T,G8056T,0.024390243902439025,41
8055,~8056A,G8056A,0.024390243902439025,41
3083,~3084G,aa:orf1a:E940G,0.005050505050505051,198
3086,~3087G,aa:orf1a:F941C,0.0049504950495049506,202
517,-518.3,del:518:3,0.15000000000000002,20
8746,~8747T,aa:orf1a:A2828S,0.016666666666666666,60
27791,~27792G,aa:orf7b:F13V,0.016129032258064516,62
27737,~27738G,A27738G,0.017241379310344827,58
27748,~27749C,aa:orf7a:K119T,0.017543859649122806,57
2137,~2138G,aa:orf1a:K625E,0.025,40
27848,~27849A,aa:orf7b:L32I,0.022727272727272728,44
27785,~27786A,aa:orf7b:L11M,0.016129032258064516,62
27807,~27808C,aa:orf7b:L18P,0.017543859649122806,57
27845,~27846C,aa:orf7b:S31P,0.021739130434782608,46
27818,~27819C,T27819C,0.017543859649122806,57
17993,~17994G,A17994G,0.03333333333333333,30
8002,~8003T,aa:orf1a:V2580F,0.043478260869565216,23
28540,~28541C,aa:N:A90P,0.015151515151515152,66
28821,~28822C,T28822C,0.018518518518518517,54
11988,~11989G,aa:orf1a:F3908L,0.023255813953488372,43
4064,~4065G,aa:orf1a:S1267C,0.01694915254237288,59
7015,~7016T,aa:orf1a:G2251C,0.014925373134328358,67
20747,~20748C,T20748C,0.015873015873015872,63
22235,~22236A,aa:S:P225Q,0.047619047619047616,21
26338,~26339A,aa:E:A32D,0.021739130434782608,46
11634,~11635A,aa:orf1a:C3790*,0.034482758620689655,29
20518,~20519C,aa:orf1b:D2351A,0.014925373134328358,67
24544,~24545G,aa:S:R995G,0.0196078431372549,51
22677,~22678G,A22678G,0.030303030303030304,33
22476,~22477A,C22477A,0.04,25
22723,~22724G,aa:S:N388D,0.03571428571428571,28
22497,~22498A,C22498A,0.03333333333333333,30
25027,~25028C,aa:S:F1156L,0.019230769230769232,52
25027,~25028G,aa:S:F1156V,0.019230769230769232,52
26641,~26642A,C26642A,0.009174311926605505,109
20102,~20103A,aa:orf1b:S2212R,0.041666666666666664,24
40,~41A,T41A,1.0,1
26923,~26924G,A26924G,0.006578947368421052,152
27168,~27169G,aa:M:N216S,0.012987012987012988,77
26691,~26692A,aa:M:L57*,0.007194244604316547,139
17275,~17276G,aa:orf1b:K1270R,0.05263157894736842,19
3113,~3114T,aa:orf1a:G950V,0.005050505050505051,198
5070,~5071G,T5071G,0.017241379310344827,58
26341,~26342C,aa:E:I33T,0.023255813953488372,43
29463,~29464A,T29464A,0.05555555555555555,18
29225,~29226T,aa:N:S318L,0.047619047619047616,21
27793,~27794C,T27794C,0.01639344262295082,61
27852,~27853C,aa:orf7b:E33A,0.023255813953488372,43
4347,~4348C,T4348C,0.01639344262295082,61
20482,~20483A,aa:orf1b:S2339Y,0.01694915254237288,59
2121,~2122C,T2122C,0.024390243902439025,41
1872,~1873A,aa:orf1a:F536L,0.07692307692307693,13
25931,~25932C,T25932C,0.024390243902439025,41
19888,~19889C,aa:orf1b:R2141T,0.043478260869565216,23
8901,~8902G,T8902G,0.02,50
28551,~28552G,A28552G,0.03125,64
28535,~28536T,aa:N:R88L,0.014925373134328358,67
28521,~28522G,A28522G,0.01639344262295082,61
59,~60C,T60C,0.25,4
11420,~11421G,aa:orf1a:Y3719C,0.03571428571428571,28
26605,~26606A,aa:M:F28L,0.015625,64
5281,~5282G,aa:orf1a:N1673D,0.022727272727272728,44
4656,~4657T,G4657T,0.027777777777777776,36
27273,~27274C,aa:orf6:S25P,0.019230769230769232,52
2111,~2112C,aa:orf1a:I616T,0.023809523809523808,42
19007,~19008G,A19008G,0.023809523809523808,42
19267,~19268G,aa:orf1b:N1934S,0.022222222222222223,45
16792,~16793T,aa:orf1b:R1109L,0.037037037037037035,27
6508,~6509C,aa:orf1a:N2082H,0.023255813953488372,43
3724,~3725A,aa:orf1a:F1154I,0.02564102564102564,39
24447,~24448C,T24448C,0.023809523809523808,42
12884,~12885T,aa:orf1a:T4207I,0.16666666666666666,24
11337,~11338G,A11338G,0.034482758620689655,29
5638,~5639A,aa:orf1a:Q1792K,0.025,40
2253,~2254C,aa:orf1a:Q663H,0.034482758620689655,29
26857,~26858A,aa:M:F112L,0.006944444444444444,144
11691,~11692A,T11692A,0.023255813953488372,43
9500,~9501T,aa:orf1a:A3079V,0.02564102564102564,39
24492,~24493C,aa:S:L977F,0.01694915254237288,59
13102,~13103C,aa:orf1a:Y4280H,0.05555555555555555,18
13149,~13150A,T13150A,0.041666666666666664,24
27171,~27172C,aa:M:I217T,0.012987012987012988,77
10685,~10686G,aa:orf1a:A3474G,0.04,25
10685,~10686A,aa:orf1a:A3474D,0.04,25
10689,~10690A,T10690A,0.04,25
14743,~14744C,aa:orf1b:V426A,0.05,20
9816,~9817T,aa:orf1a:L3184F,0.027777777777777776,36
10101,~10102G,aa:orf1a:C3279W,0.02631578947368421,38
9839,~9840G,aa:orf1a:K3192R,0.02857142857142857,35
25380,~25381C,A25381C,0.017543859649122806,57
25126,~25127T,aa:S:V1189F,0.022727272727272728,44
25100,~25101G,aa:S:Q1180R,0.023255813953488372,43
25696,~25697C,aa:orf3a:E102A,0.02564102564102564,39
8125,~8126T,aa:orf1a:A2621S,0.041666666666666664,48
23886,~23887A,aa:S:D775E,0.010309278350515464,97
17962,~17963G,aa:orf1b:M1499R,0.03333333333333333,30
27467,~27468G,A27468G,0.0196078431372549,51
28254,~28255G,aa:orf8:I121S,0.009523809523809525,105
5594,~5595C,aa:orf1a:E1777A,0.024390243902439025,41
21619,~21620T,aa:S:T20S,0.02127659574468085,47
28506,~28507G,aa:N:S78R,0.0196078431372549,51
28506,~28507A,aa:N:S78R,0.0196078431372549,51
24274,~24275T,aa:S:R905W,0.029411764705882353,34
1935,-1936.1,del:1936:1,0.02857142857142857,35
1873,~1874T,aa:orf1a:A537S,0.07142857142857142,14
2197,~2198A,aa:orf1a:G645S,0.023809523809523808,42
996,~997C,T997C,0.02631578947368421,38
19172,~19173G,A19173G,0.024390243902439025,41
5278,~5279G,aa:orf1a:N1672D,0.022727272727272728,44
6550,~6551C,aa:orf1a:M2096L,0.021739130434782608,46
6510,~6511A,aa:orf1a:N2082K,0.023809523809523808,42
28286,~28287T,aa:N:G5V,0.00847457627118644,118
21009,~21010T,aa:orf1b:V2515L,0.02857142857142857,35
20997,~20998T,aa:orf1b:D2511Y,0.037037037037037035,27
28640,~28641T,aa:N:Y123F,0.01694915254237288,59
27206,~27207C,T27207C,0.011764705882352941,85
22482,~22483A,T22483A,0.037037037037037035,27
19581,~19582T,aa:orf1b:D2039Y,0.02631578947368421,38
5240,~5241A,aa:orf1a:P1659Q,0.02040816326530612,49
27771,~27772C,aa:orf7b:L6S,0.01639344262295082,61
27731,~27732T,C27732T,0.01818181818181818,55
8031,~8032C,aa:orf1a:K2589N,0.027777777777777776,36
20958,~20959G,aa:orf1b:N2498D,0.041666666666666664,24
3443,~3444T,aa:orf1a:A1060V,0.017857142857142856,56
27738,~27739A,aa:orf7a:L116I,0.016666666666666666,60
23040,~23041T,aa:S:Q493H,0.0196078431372549,51
2163,~2164T,aa:orf1a:E633D,0.02702702702702703,37
28046,~28047G,aa:orf8:R52G,0.016666666666666666,60
23654,~23655G,aa:S:S698*,0.008333333333333333,120
23812,~23813T,aa:S:N751Y,0.007692307692307693,130
23824,~23825A,aa:S:Q755K,0.0078125,128
17407,~17408C,aa:orf1b:L1314S,0.03125,32
4680,~4681G,A4681G,0.027777777777777776,36
4977,~4978G,aa:orf1a:F1571L,0.021739130434782608,46
3099,-3100.1,del:3100:1,0.005050505050505051,198
29300,~29301G,aa:N:D343G,0.043478260869565216,23
28393,~28394G,aa:N:R41G,0.012048192771084338,83
25939,~25940T,aa:orf3a:D183V,0.024390243902439025,41
16964,~16965T,aa:orf1b:Q1166H,0.03125,32
15622,~15623G,aa:orf1b:Y719C,0.047619047619047616,21
15618,~15619A,aa:orf1b:L718I,0.047619047619047616,21
15596,~15597G,aa:orf1b:Y710*,0.043478260869565216,23
26610,~26611A,aa:M:T30K,0.013157894736842105,76
26594,~26595T,aa:M:G25C,0.022727272727272728,44
26625,~26626C,aa:M:L35P,0.011363636363636364,88
26874,~26875C,aa:M:I118T,0.013605442176870748,147
28816,~28817A,aa:N:A182T,0.01818181818181818,55
21585,~21586A,G21586A,0.022727272727272728,44
13495,~13496C,aa:orf1b:L10P,0.041666666666666664,24
7481,~7482T,aa:orf1a:S2406L,0.10526315789473684,19
4355,~4356G,aa:orf1a:K1364R,0.015625,64
21040,~21041C,aa:orf1b:I2525T,0.01818181818181818,55
14070,~14071T,aa:orf1b:D202Y,0.03571428571428571,28
14079,~14080T,aa:orf1b:G205C,0.03225806451612903,31
14120,~14121C,A14121C,0.029411764705882353,34
27200,~27201T,G27201T,0.011764705882352941,85
26369,~26370A,aa:E:Y42*,0.025,40
26917,~26918T,G26918T,0.0064516129032258064,155
26917,~26918C,G26918C,0.0064516129032258064,155
16465,~16466A,aa:orf1b:P1000Q,0.037037037037037035,27
2862,~2863T,A2863T,0.007142857142857143,140
2862,~2863G,A2863G,0.007142857142857143,140
28236,~28237T,aa:orf8:R115L,0.01020408163265306,98
24858,~24859T,C24859T,0.019230769230769232,52
27236,~27237T,A27237T,0.014925373134328358,67
27230,~27231C,T27231C,0.013333333333333334,75
16371,~16372T,aa:orf1b:N969Y,0.02127659574468085,47
19214,~19215C,T19215C,0.022222222222222223,45
18904,~18905A,aa:orf1b:R1813H,0.030303030303030304,33
8987,~8988C,aa:orf1a:F2908S,0.021739130434782608,46
8284,~8285G,aa:orf1a:M2674V,0.022222222222222223,45
26663,~26664G,aa:M:I48V,0.008403361344537815,119
26663,~26664C,aa:M:I48L,0.008403361344537815,119
3973,~3974C,aa:orf1a:E1237Q,0.03225806451612903,31
26244,~26245T,aa:E:M1L,0.02564102564102564,39
12842,~12843A,aa:orf1a:W4193*,0.03571428571428571,28
2936,~2937A,aa:orf1a:T891K,0.004901960784313725,204
10999,~11000G,aa:orf1a:T3579A,0.02857142857142857,35
25911,~25912T,aa:orf3a:G174C,0.023809523809523808,42
28120,~28121G,aa:orf8:I76M,0.015625,64
3154,~3155T,aa:orf1a:A964S,0.007194244604316547,139
9267,~9268C,T9268C,0.015384615384615385,65
20397,~20398A,aa:orf1b:E2311K,0.021739130434782608,46
27525,~27526A,aa:orf7a:P45T,0.021739130434782608,46
2576,~2577A,aa:orf1a:S771N,0.02127659574468085,47
2846,~2847A,aa:orf1a:T861K,0.007874015748031496,127
2793,~2794C,T2794C,0.015151515151515152,66
3176,~3177A,aa:orf1a:P971H,0.00980392156862745,102
23262,~23263G,A23263G,0.02564102564102564,39
23866,~23867C,aa:S:G769R,0.008928571428571428,112
23866,~23867T,aa:S:G769*,0.008928571428571428,112
1961,~1962A,aa:orf1a:A566D,0.02631578947368421,38
3689,~3690T,aa:orf1a:E1142V,0.027777777777777776,36
26934,~26935A,aa:M:L138H,0.007194244604316547,139
5288,~5289C,aa:orf1a:Y1675S,0.023255813953488372,43
5288,~5289G,aa:orf1a:Y1675C,0.023255813953488372,43
6832,~6833C,aa:orf1a:I2190L,0.012987012987012988,77
26852,~26853G,aa:M:S111A,0.00684931506849315,146
26630,~26631C,aa:M:F37L,0.009900990099009901,101
26894,~26895A,aa:M:H125N,0.006802721088435374,147
23321,~23322C,aa:S:I587T,0.018867924528301886,53
28086,~28087A,aa:orf8:A65D,0.014285714285714285,70
28086,~28087T,aa:orf8:A65V,0.014285714285714285,70
28077,~28078A,aa:orf8:V62E,0.014492753623188406,69
3088,~3089T,aa:orf1a:E942*,0.005,200
16123,~16124C,aa:orf1b:L886S,0.034482758620689655,29
16137,~16138G,aa:orf1b:L891V,0.02564102564102564,39
3371,~3372T,aa:orf1a:D1036V,0.0196078431372549,51
10993,~10994G,aa:orf1a:K3577E,0.02857142857142857,35
10757,~10758G,aa:orf1a:M3498R,0.030303030303030304,33
3755,~3756A,aa:orf1a:V1164D,0.02702702702702703,37
9013,~9014T,aa:orf1a:A2917S,0.02702702702702703,37
2881,~2882A,aa:orf1a:C873S,0.006369426751592357,157
27199,~27200T,A27200T,0.011764705882352941,85
27227,~27228C,T27228C,0.01282051282051282,78
26842,~26843C,T26843C,0.006711409395973154,149
26588,~26589T,aa:M:V23L,0.02702702702702703,37
6225,~6226A,aa:orf1a:H1987Q,0.043478260869565216,23
4052,~4053C,aa:orf1a:L1263P,0.01639344262295082,61
28868,~28869A,aa:N:P199Q,0.022222222222222223,45
23224,~23225A,aa:S:S555T,0.04,25
23305,~23306G,aa:S:L582V,0.01818181818181818,55
22953,~22954C,T22954C,0.02564102564102564,39
10114,~10115G,aa:orf1a:T3284A,0.02631578947368421,38
10117,~10118A,aa:orf1a:C3285S,0.025,40
10100,~10101T,aa:orf1a:C3279F,0.02631578947368421,38
26885,~26886T,aa:M:V122L,0.006896551724137931,145
26885,~26886A,aa:M:V122M,0.006896551724137931,145
7095,~7096A,T7096A,0.02127659574468085,47
21662,~21663C,aa:S:R34P,0.020833333333333332,48
19496,~19497A,aa:orf1b:H2010Q,0.025,40
23933,~23934A,aa:S:T791K,0.02564102564102564,39
24444,~24445T,G24445T,0.023255813953488372,43
25673,~25674G,T25674G,0.02127659574468085,47
4647,~4648C,aa:orf1a:E1461D,0.023255813953488372,43
5246,~5247C,aa:orf1a:V1661A,0.02,50
4965,~4966G,T4966G,0.024390243902439025,41
29192,~29193A,aa:N:F307Y,0.03225806451612903,31
9528,~9529T,A9529T,0.021739130434782608,46
9581,~9582A,aa:orf1a:S3106Y,0.025,40
18594,-18595.1,del:18595:1,0.034482758620689655,29
2524,~2525T,aa:orf1a:E754*,0.03225806451612903,31
21367,~21368C,aa:orf1b:I2634T,0.03125,32
6514,~6515A,aa:orf1a:L2084I,0.12195121951219512,41
28074,~28075C,aa:orf8:C61S,0.015151515151515152,66
20499,~20500T,aa:orf1b:V2345F,0.01639344262295082,61
9040,~9041G,aa:orf1a:S2926A,0.023255813953488372,43
19842,~19843A,aa:orf1b:L2126M,0.03333333333333333,30
23922,~23923T,aa:S:Q787H,0.01694915254237288,59
23901,~23902G,A23902G,0.011494252873563218,87
23637,~23638A,C23638A,0.009174311926605505,109
20755,~20756C,aa:orf1b:S2430T,0.015873015873015872,63
10762,~10763G,aa:orf1a:Y3500D,0.03125,32
962,-963.1,del:963:1,0.0196078431372549,51
3055,~3056T,aa:orf1a:E931*,0.0049504950495049506,202
25615,~25616G,aa:orf3a:K75R,0.022727272727272728,44
25366,~25367C,aa:S:K1269Q,0.018867924528301886,53
3714,~3715G,A3715G,0.02564102564102564,39
4960,~4961G,aa:orf1a:R1566G,0.024390243902439025,41
23228,~23229C,aa:S:N556T,0.038461538461538464,26
12776,~12777G,aa:orf1a:Y4171C,0.02857142857142857,35
25704,~25705A,aa:orf3a:F105I,0.02702702702702703,37
23905,~23906C,aa:S:F782L,0.012195121951219513,82
27231,~27232G,aa:orf6:I11V,0.013888888888888888,72
19875,~19876C,aa:orf1b:W2137R,0.04,25
5833,~5834A,aa:orf1a:S1857T,0.02040816326530612,49
25094,~25095T,aa:S:N1178I,0.023255813953488372,43
3112,~3113C,aa:orf1a:G950R,0.005076142131979695,197
2855,~2856A,aa:orf1a:L864H,0.007692307692307693,130
2870,~2871C,aa:orf1a:N869T,0.006944444444444444,144
20995,~20996T,aa:orf1b:G2510V,0.041666666666666664,24
17045,~17046G,A17046G,0.038461538461538464,26
20158,~20159G,aa:orf1b:K2231R,0.02857142857142857,35
27234,~27235A,aa:orf6:A12T,0.014705882352941176,68
2188,~2189A,aa:orf1a:L642I,0.023255813953488372,43
664,~665A,aa:orf1a:H134N,0.02702702702702703,37
19461,~19462G,aa:orf1b:T1999A,0.024390243902439025,41
2924,~2925G,aa:orf1a:S887C,0.00510204081632653,196
3179,~3180T,aa:orf1a:E972V,0.01020408163265306,98
11948,~11949G,aa:orf1a:H3895R,0.0196078431372549,51
23873,~23874A,aa:S:A771D,0.009174311926605505,109
28297,~28298G,aa:N:Q9E,0.008403361344537815,119
25155,~25156A,C25156A,0.027777777777777776,36
25385,~25386G,C25386G,0.017857142857142856,56
25418,~25419C,A25419C,0.01694915254237288,59
25374,~25375G,aa:S:H1271Q,0.017857142857142856,56
25467,~25468C,aa:orf3a:S26P,0.022222222222222223,45
25451,~25452A,C25452A,0.021739130434782608,46
29234,~29235A,aa:N:G321D,0.047619047619047616,21
14074,~14075C,aa:orf1b:L203P,0.03333333333333333,30
14074,~14075G,aa:orf1b:L203R,0.03333333333333333,30
984,~985T,aa:orf1a:W240C,0.022222222222222223,45
976,~977G,aa:orf1a:I238V,0.020833333333333332,48
679,~680T,aa:orf1a:D139Y,0.025,40
17041,~17042G,aa:orf1b:Y1192C,0.10714285714285714,28
25954,~25955T,aa:orf3a:G188V,0.023255813953488372,43
27734,~27735A,aa:orf7a:F114L,0.017543859649122806,57
27463,~27464C,aa:orf7a:V24A,0.018518518518518517,54
21491,~21492C,T21492C,0.05555555555555555,18
21031,~21032G,aa:orf1b:D2522G,0.02,50
22247,~22248C,aa:S:L229S,0.0625,16
1896,~1897C,A1897C,0.04,25
7425,~7426C,T7426C,0.04,25
11935,-11936.1,del:11936:1,0.021739130434782608,46
11698,~11699T,aa:orf1a:D3812Y,0.022727272727272728,44
23941,~23942C,aa:S:I794L,0.038461538461538464,26
5269,~5270G,aa:orf1a:W1669G,0.02127659574468085,47
25382,~25383C,aa:S:*1274S,0.017857142857142856,56
4386,~4387C,T4387C,0.014925373134328358,67
4386,~4387A,aa:orf1a:N1374K,0.014925373134328358,67
11062,~11063A,aa:orf1a:W3600R,0.024390243902439025,41
12000,~12001C,T12001C,0.02631578947368421,38
11701,~11702G,aa:orf1a:Y3813D,0.022727272727272728,44
24844,~24845A,aa:S:F1095I,0.02,50
24884,~24885G,aa:S:N1108S,0.018518518518518517,54
24886,~24887C,aa:S:F1109L,0.018518518518518517,54
24877,~24878G,aa:S:Q1106E,0.018867924528301886,53
26913,~26914T,aa:M:R131I,0.01282051282051282,156
26913,~26914A,aa:M:R131K,0.00641025641025641,156
26020,~26021T,aa:orf3a:D210V,0.0196078431372549,51
25677,~25678A,aa:orf3a:L96I,0.020833333333333332,48
26681,~26682A,aa:M:L54I,0.007246376811594203,138
26703,~26704A,aa:M:T61N,0.006944444444444444,144
3745,~3746C,aa:orf1a:S1161P,0.02857142857142857,35
4066,~4067C,aa:orf1a:A1268P,0.016666666666666666,60
3997,~3998C,aa:orf1a:E1245Q,0.03225806451612903,31
23816,~23817G,aa:S:L752R,0.007751937984496124,129
23860,~23861C,T23861C,0.00847457627118644,118
23823,~23824C,aa:S:L754F,0.0078125,128
23856,~23857C,T23857C,0.008547008547008548,117
25713,~25714A,aa:orf3a:L108I,0.030303030303030304,33
28332,~28333A,C28333A,0.008928571428571428,112
4017,~4018T,aa:orf1a:E1251D,0.022222222222222223,45
17011,~17012T,aa:orf1b:S1182L,0.03225806451612903,31
10853,~10854T,aa:orf1a:S3530L,0.05405405405405406,37
10736,~10737G,aa:orf1a:N3491S,0.03225806451612903,31
28923,~28924A,T28924A,0.034482758620689655,29
21102,~21103C,aa:orf1b:F2546L,0.014705882352941176,68
27172,~27173A,T27173A,0.01282051282051282,78
3183,~3184T,aa:orf1a:E973D,0.010526315789473684,95
19248,~19249C,A19249C,0.022727272727272728,44
5304,~5305A,G5305A,0.023255813953488372,43
5307,~5308G,A5308G,0.024390243902439025,41
5259,~5260G,T5260G,0.02127659574468085,47
3120,~3121C,aa:orf1a:E952D,0.0053475935828877,187
3120,~3121G,A3121G,0.0053475935828877,187
3143,~3144A,aa:orf1a:L960*,0.0064516129032258064,155
23291,~23292T,aa:S:R577L,0.019230769230769232,52
4004,~4005G,aa:orf1a:K1247R,0.02631578947368421,38
28867,~28868A,aa:N:P199T,0.022727272727272728,44
29106,~29107C,T29107C,0.034482758620689655,29
22799,~22800T,aa:S:G413V,0.04,25
26264,~26265T,aa:E:E7D,0.025,40
5206,~5207C,aa:orf1a:S1648P,0.017543859649122806,57
24752,~24753G,aa:S:H1064R,0.03333333333333333,30
11912,~11913T,aa:orf1a:S3883L,0.020833333333333332,48
19091,~19092C,T19092C,0.18604651162790697,43
18945,~18946G,aa:orf1b:L1827V,0.027777777777777776,36
18960,~18961A,aa:orf1b:A1832T,0.02702702702702703,37
18961,~18962G,aa:orf1b:A1832G,0.02702702702702703,37
18008,~18009G,A18009G,0.03225806451612903,31
2492,~2493T,aa:orf1a:E743V,0.03571428571428571,28
26593,~26594C,A26594C,0.023809523809523808,42
10526,~10527A,aa:orf1a:S3421Y,0.04,25
10817,~10818A,aa:orf1a:A3518D,0.03125,32
11089,~11090G,aa:orf1a:N3609D,0.02564102564102564,39
11063,~11064C,aa:orf1a:W3600S,0.024390243902439025,41
6244,~6245C,aa:orf1a:V1994L,0.041666666666666664,24
24810,~24811C,T24811C,0.02,50
24835,~24836A,aa:S:E1092K,0.02127659574468085,47
24846,~24847G,aa:S:F1095L,0.02,50
6517,~6518C,aa:orf1a:K2085Q,0.023809523809523808,42
21834,~21835C,T21835C,0.02857142857142857,35
20986,~20987A,aa:orf1b:T2507N,0.05555555555555555,18
960,~961A,T961A,0.019230769230769232,52
4411,~4412C,aa:orf1a:E1383Q,0.01818181818181818,55
3149,~3150A,aa:orf1a:F962Y,0.006711409395973154,149
16989,~16990A,aa:orf1b:L1175I,0.03225806451612903,31
17043,~17044A,aa:orf1b:Q1193K,0.037037037037037035,27
17012,~17013G,A17013G,0.03125,32
16787,~16788G,T16788G,0.037037037037037035,27
5887,~5888G,aa:orf1a:T1875A,0.025,40
21103,~21104A,aa:orf1b:F2546Y,0.014705882352941176,68
26919,~26920C,aa:M:L133P,0.006578947368421052,152
11986,~11987A,aa:orf1a:F3908I,0.022222222222222223,45
20458,~20459C,aa:orf1b:I2331T,0.016666666666666666,60
20420,~20421C,T20421C,0.017543859649122806,57
20677,~20678G,aa:orf1b:P2404R,0.016666666666666666,60
14652,~14653T,aa:orf1b:V396F,0.02702702702702703,37
3463,~3464A,aa:orf1a:H1067N,0.02,50
14425,~14426C,aa:orf1b:L320P,0.02040816326530612,49
17696,~17697G,A17697G,0.08333333333333333,12
24495,~24496C,T24496C,0.016666666666666666,60
2787,~2788A,C2788A,0.016666666666666666,60
3058,~3059T,aa:orf1a:E932*,0.004975124378109453,201
2867,~2868C,aa:orf1a:V868A,0.006993006993006993,143
26647,~26648T,aa:M:R42S,0.008771929824561403,114
11017,~11018A,aa:orf1a:L3585I,0.025,40
9850,~9851C,aa:orf1a:D3196H,0.03125,32
10423,~10424T,aa:orf1a:G3387C,0.024390243902439025,41
27191,~27192T,G27192T,0.012345679012345678,81
10133,~10134G,aa:orf1a:L3290R,0.024390243902439025,41
28832,~28833G,aa:N:S187*,0.018867924528301886,53
28805,~28806A,aa:N:G178D,0.017857142857142856,56
28825,~28826A,aa:N:R185S,0.018867924528301886,53
28788,~28789A,aa:N:Y172*,0.017241379310344827,58
28794,~28795T,aa:N:E174D,0.017241379310344827,58
336,~337T,C337T,0.16666666666666666,12
14651,~14652C,T14652C,0.02631578947368421,38
14646,~14647G,aa:orf1b:N394D,0.02631578947368421,38
14627,~14628G,aa:orf1b:F387L,0.023809523809523808,42
9520,~9521G,aa:orf1a:L3086V,0.023255813953488372,43
24182,~24183A,aa:S:T874N,0.05263157894736842,19
27204,~27205C,aa:orf6:F2L,0.012345679012345678,81
15897,~15898T,aa:orf1b:V811F,0.125,16
1015,~1016C,T1016C,0.03125,32
21050,~21051T,aa:orf1b:M2528I,0.017543859649122806,57
18238,~18239G,aa:orf1b:N1591S,0.034482758620689655,29
23009,~23010C,aa:S:V483A,0.020833333333333332,48
28068,-28069.1,del:28069:1,0.015384615384615385,65
28321,~28322G,aa:N:F17V,0.008547008547008548,117
17318,~17319C,T17319C,0.07142857142857142,14
20400,~20401G,aa:orf1b:S2312A,0.020833333333333332,48
17065,~17066C,aa:orf1b:Y1200S,0.045454545454545456,22
21288,~21289G,aa:orf1b:Y2608D,0.016129032258064516,62
15598,~15599A,aa:orf1b:V711D,0.041666666666666664,24
15568,~15569A,aa:orf1b:T701N,0.034482758620689655,29
7118,~7119G,aa:orf1a:S2285C,0.023809523809523808,42
7070,~7071T,aa:orf1a:G2269V,0.018518518518518517,54
28333,~28334C,aa:N:S21P,0.008928571428571428,112
5236,~5237G,aa:orf1a:Y1658D,0.019230769230769232,52
16476,~16477C,aa:orf1b:F1004L,0.043478260869565216,23
23307,~23308C,T23308C,0.018518518518518517,54
6488,~6489G,aa:orf1a:I2075S,0.029411764705882353,34
2128,~2129C,aa:orf1a:E622Q,0.025,40
13860,~13861C,aa:orf1b:T132P,0.03571428571428571,28
25649,~25650T,aa:orf3a:L86F,0.022727272727272728,44
19189,~19190G,aa:orf1b:F1908C,0.02564102564102564,39
15273,~15274G,aa:orf1b:P603A,0.02127659574468085,47
12546,~12547G,A12547G,0.020833333333333332,48
12528,~12529C,A12529C,0.022727272727272728,44
24453,~24454G,A24454G,0.02127659574468085,47
12297,~12298T,aa:orf1a:Q4011H,0.023255813953488372,43
12275,~12276C,aa:orf1a:M4004T,0.02702702702702703,37
12257,~12258T,aa:orf1a:Q3998L,0.02564102564102564,39
12271,~12272C,aa:orf1a:K4003Q,0.02631578947368421,38
12245,~12246C,aa:orf1a:D3994A,0.03333333333333333,30
12299,~12300G,aa:orf1a:M4012R,0.022727272727272728,44
20435,~20436G,aa:orf1b:D2323E,0.016666666666666666,60
26660,~26661G,aa:M:Y47D,0.008695652173913044,115
3188,~3189G,aa:orf1a:Q975R,0.011363636363636364,88
3188,~3189T,aa:orf1a:Q975L,0.011363636363636364,88
3188,~3189C,aa:orf1a:Q975P,0.011363636363636364,88
2888,~2889A,aa:orf1a:V875E,0.005952380952380952,168
7149,~7150C,aa:orf1a:L2295F,0.058823529411764705,17
7100,~7101T,aa:orf1a:A2279V,0.021739130434782608,46
1545,~1546G,T1546G,0.045454545454545456,22
28783,~28784A,aa:N:F171I,0.01694915254237288,59
21359,~21360G,A21360G,0.030303030303030304,33
18987,~18988T,aa:orf1b:V1841F,0.02564102564102564,39
23676,~23677C,T23677C,0.007874015748031496,127
11672,~11673C,aa:orf1a:Y3803S,0.023809523809523808,42
11722,-11723.1,del:11723:1,0.02127659574468085,47
22726,~22727A,aa:S:D389N,0.034482758620689655,29
7422,~7423G,aa:orf1a:F2386L,0.043478260869565216,23
12322,~12323A,aa:orf1a:D4020N,0.022727272727272728,44
5048,~5049T,aa:orf1a:G1595V,0.017543859649122806,57
688,-689.1,del:689:1,0.0196078431372549,51
3501,~3502C,T3502C,0.025,40
3702,~3703C,A3703C,0.02631578947368421,38
3453,~3454A,T3454A,0.018867924528301886,53
3516,~3517G,A3517G,0.024390243902439025,41
9067,~9068A,aa:orf1a:D2935N,0.02127659574468085,47
29137,~29138A,aa:N:Q289K,0.037037037037037035,27
6767,~6768G,aa:orf1a:Y2168C,0.01694915254237288,59
25180,~25181A,aa:S:E1207K,0.02564102564102564,39
16434,~16435T,aa:orf1b:G990C,0.027777777777777776,36
13426,~13427C,aa:orf1a:E4388Q,0.024390243902439025,41
7381,~7382G,aa:orf1a:Q2373E,0.0625,16
20434,~20435G,aa:orf1b:D2323G,0.016129032258064516,62
20434,~20435C,aa:orf1b:D2323A,0.016129032258064516,62
704,~705G,aa:orf1a:D147G,0.03508771929824561,57
6837,~6838T,aa:orf1a:K2191N,0.01282051282051282,78
11377,~11378C,aa:orf1a:A3705P,0.03225806451612903,31
14412,~14413C,aa:orf1b:S316R,0.020833333333333332,48
14679,~14680G,aa:orf1b:N405D,0.023809523809523808,42
24457,~24458A,aa:S:L966I,0.020833333333333332,48
15289,~15290T,aa:orf1b:W608L,0.02,50
27434,~27435A,T27435A,0.020833333333333332,48
11978,~11979G,aa:orf1a:T3905S,0.022727272727272728,44
12301,~12302C,aa:orf1a:Y4013H,0.022727272727272728,44
3095,~3096G,aa:orf1a:S944*,0.005025125628140704,199
1921,~1922A,aa:orf1a:E553K,0.034482758620689655,29
1916,~1917G,aa:orf1a:T551S,0.034482758620689655,29
1866,~1867C,T1867C,0.09090909090909091,11
1907,~1908G,aa:orf1a:F548C,0.034482758620689655,29
1894,~1895A,aa:orf1a:V544I,0.041666666666666664,24
1898,~1899T,aa:orf1a:R545L,0.04,25
25392,~25393T,aa:orf3a:M1L,0.01818181818181818,55
21272,~21273A,aa:orf1b:F2602L,0.015384615384615385,65
19506,~19507A,aa:orf1b:E2014K,0.023809523809523808,42
26695,~26696T,aa:M:W58C,0.007142857142857143,140
22783,~22784G,aa:S:R408G,0.037037037037037035,27
5289,~5290C,T5290C,0.023255813953488372,43
2889,~2890C,G2890C,0.005952380952380952,168
2861,~2862A,aa:orf1a:T866K,0.007194244604316547,139
6561,~6562C,T6562C,0.022727272727272728,44
10429,~10430A,aa:orf1a:Y3389N,0.027777777777777776,36
26530,~26531A,aa:M:D3E,0.02631578947368421,38
23345,~23346G,aa:S:V595G,0.01818181818181818,55
25634,~25635A,aa:orf3a:C81*,0.023809523809523808,42
19249,~19250T,aa:orf1b:R1928I,0.022727272727272728,44
4396,~4397G,aa:orf1a:M1378V,0.016129032258064516,62
4341,~4342C,T4342C,0.016666666666666666,60
3169,~3170G,aa:orf1a:L969V,0.008547008547008548,117
23263,~23264C,aa:S:D568H,0.02564102564102564,39
23310,~23311T,aa:S:E583D,0.018867924528301886,53
26893,~26894T,C26894T,0.006896551724137931,145
14944,~14945T,aa:orf1b:A493V,0.05,20
14343,~14344C,T14344C,0.02564102564102564,39
14337,~14338T,aa:orf1b:N291Y,0.030303030303030304,33
636,~637C,T637C,0.058823529411764705,17
26571,~26572C,aa:M:L17P,0.030303030303030304,33
26309,-26310.1,del:26310:1,0.019230769230769232,52
13812,~13813T,aa:orf1b:A116S,0.029411764705882353,34
1340,~1341G,aa:orf1a:Y359C,0.047619047619047616,21
1264,~1265T,aa:orf1a:G334C,0.058823529411764705,17
20696,~20697A,aa:orf1b:N2410K,0.014925373134328358,67
26327,~26328G,A26328G,0.02040816326530612,49
408,~409C,T409C,0.05,20
18596,~18597T,aa:orf1b:W1710C,0.03225806451612903,31
678,~679T,C679T,0.025,40
924,~925T,C925T,0.014925373134328358,67
11044,~11045C,T11045C,0.023809523809523808,42
23020,~23021G,aa:S:N487D,0.02040816326530612,49
23021,~23022G,aa:S:N487S,0.02,50
23061,~23062G,T23062G,0.0196078431372549,51
2868,~2869C,A2869C,0.006993006993006993,143
12979,~12980G,aa:orf1a:R4239G,0.05555555555555555,18
26666,~26667T,aa:M:I49F,0.00819672131147541,122
1321,~1322C,aa:orf1a:G353R,0.043478260869565216,23
11902,~11903T,aa:orf1a:R3880*,0.02,50
28089,~28090C,aa:orf8:G66A,0.014492753623188406,69
28379,~28380T,aa:N:R36L,0.01098901098901099,91
25715,~25716A,T25716A,0.027777777777777776,36
3094,~3095A,aa:orf1a:S944T,0.004975124378109453,201
18320,~18321A,aa:orf1b:C1618*,0.05263157894736842,19
8057,~8058C,aa:orf1a:F2598S,0.025,40
28049,~28050C,aa:orf8:K53Q,0.016666666666666666,60
28101,~28102G,aa:orf8:P70R,0.015384615384615385,65
4045,~4046A,aa:orf1a:G1261S,0.016129032258064516,62
4070,~4071A,aa:orf1a:T1269N,0.016129032258064516,62
3748,~3749G,aa:orf1a:L1162V,0.02857142857142857,35
10401,~10402G,T10402G,0.023809523809523808,42
15617,-15618.1,del:15618:1,0.047619047619047616,21
4940,~4941G,aa:orf1a:L1559R,0.038461538461538464,26
11373,~11374C,T11374C,0.03333333333333333,30
15024,~15025T,aa:orf1b:A520S,0.02857142857142857,35
14368,~14369C,aa:orf1b:C301S,0.02631578947368421,38
18911,~18912A,aa:orf1b:D1815E,0.030303030303030304,33
4981,~4982G,aa:orf1a:T1573A,0.021739130434782608,46
22153,~22154A,aa:S:D198N,0.02857142857142857,35
22188,-22189.3,del:22189:3,0.037037037037037035,27
22195,~22196A,aa:S:L212I,0.037037037037037035,27
22166,~22167C,aa:S:K202T,0.03125,32
10667,~10668G,aa:orf1a:L3468*,0.04,25
2487,~2488G,aa:orf1a:F741L,0.04,25
2801,~2802G,aa:orf1a:D846G,0.01282051282051282,78
2780,~2781A,aa:orf1a:V839E,0.018518518518518517,54
3998,~3999G,aa:orf1a:E1245G,0.030303030303030304,33
19545,~19546C,aa:orf1b:S2027P,0.021739130434782608,46
18619,~18620T,aa:orf1b:S1718F,0.03333333333333333,30
3219,~3220T,aa:orf1a:Q985H,0.016666666666666666,60
3102,~3103C,aa:orf1a:Q946H,0.00510204081632653,196
3226,~3227C,aa:orf1a:V988L,0.016666666666666666,60
9821,~9822C,aa:orf1a:N3186T,0.027777777777777776,36
9808,~9809T,aa:orf1a:T3182S,0.025,40
9799,~9800A,aa:orf1a:A3179T,0.023809523809523808,42
21006,~21007G,aa:orf1b:T2514A,0.029411764705882353,34
25353,-25354.1,del:25354:1,0.02040816326530612,49
17888,~17889C,aa:orf1b:E1474D,0.07142857142857142,14
24278,~24279C,aa:S:F906S,0.029411764705882353,34
25969,~25970T,aa:orf3a:W193L,0.01818181818181818,55
8123,~8124C,aa:orf1a:L2620P,0.020833333333333332,48
24814,~24815A,aa:S:G1085R,0.019230769230769232,52
28555,~28556A,aa:N:R95S,0.016129032258064516,62
25630,~25631C,aa:orf3a:V80A,0.023255813953488372,43
26973,~26974G,aa:M:I151S,0.010416666666666666,96
9730,~9731A,aa:orf1a:F3156I,0.022222222222222223,45
15557,~15558G,A15558G,0.034482758620689655,29
21324,~21325C,aa:orf1b:V2620L,0.0196078431372549,51
12587,~12588C,aa:orf1a:I4108T,0.0196078431372549,51
19235,~19236A,aa:orf1b:C1923*,0.022727272727272728,44
26277,~26278A,aa:E:L12I,0.022222222222222223,45
4335,~4336G,A4336G,0.01639344262295082,61
19258,~19259A,aa:orf1b:S1931Y,0.023255813953488372,43
9041,~9042A,aa:orf1a:S2926Y,0.022727272727272728,44
8916,~8917G,aa:orf1a:F2884L,0.02127659574468085,47
29507,~29508C,aa:N:S412T,0.1,10
13816,~13817C,aa:orf1b:D117A,0.030303030303030304,33
14129,~14130T,A14130T,0.03333333333333333,30
8039,~8040T,aa:orf1a:D2592V,0.023809523809523808,42
8026,~8027C,aa:orf1a:V2588L,0.029411764705882353,34
8036,~8037A,aa:orf1a:F2591Y,0.024390243902439025,41
19610,~19611C,A19611C,0.027777777777777776,36
1338,~1339G,T1339G,0.047619047619047616,21
2783,~2784G,aa:orf1a:N840S,0.017543859649122806,57
1857,~1858G,aa:orf1a:S531R,0.25,4
19282,~19283G,aa:orf1b:D1939G,0.024390243902439025,41
12912,~12913G,T12913G,0.058823529411764705,17
17428,~17429G,aa:orf1b:Y1321C,0.02631578947368421,38
17671,~17672C,aa:orf1b:V1402A,0.05555555555555555,18
12045,~12046G,aa:orf1a:I3927M,0.041666666666666664,24
4088,~4089T,aa:orf1a:D1275V,0.017857142857142856,56
4099,~4100C,T4100C,0.01818181818181818,55
4322,~4323C,aa:orf1a:F1353S,0.017241379310344827,58
12573,~12574C,T12574C,0.0196078431372549,51
4923,~4924A,aa:orf1a:F1553L,0.045454545454545456,22
4126,~4127C,aa:orf1a:G1288R,0.016666666666666666,60
4059,~4060G,A4060G,0.016666666666666666,60
4947,~4948G,T4948G,0.02631578947368421,38
5577,~5578T,aa:orf1a:M1771I,0.027777777777777776,36
10801,~10802G,aa:orf1a:L3513V,0.034482758620689655,29
25727,~25728A,C25728A,0.02631578947368421,38
25680,~25681C,aa:orf3a:V97L,0.021739130434782608,46
4043,~4044G,aa:orf1a:N1260S,0.016666666666666666,60
28573,~28574G,aa:N:M101V,0.017543859649122806,57
9812,~9813G,aa:orf1a:F3183C,0.025,40
23936,~23937G,aa:S:P792R,0.02857142857142857,35
10770,~10771A,aa:orf1a:Y3502*,0.030303030303030304,33
28340,~28341A,aa:N:S23*,0.009009009009009009,111
20414,~20415T,aa:orf1b:L2316F,0.018518518518518517,54
14650,~14651C,aa:orf1b:N395T,0.02631578947368421,38
4450,~4451T,aa:orf1a:K1396*,0.017241379310344827,58
4436,~4437C,aa:orf1a:V1391A,0.017241379310344827,58
7759,~7760T,aa:orf1a:G2499C,0.045454545454545456,22
28055,~28056T,aa:orf8:A55S,0.016666666666666666,60
21026,~21027T,aa:orf1b:K2520N,0.020833333333333332,48
21026,+21027.G,ins:21027:1,0.020833333333333332,48
21316,~21317T,aa:orf1b:D2617V,0.018518518518518517,54
15003,~15004T,aa:orf1b:E513*,0.034482758620689655,29
21037,~21038G,aa:orf1b:I2524S,0.018867924528301886,53
23601,~23602C,T23602C,0.011111111111111112,90
19844,~19845A,G19845A,0.034482758620689655,29
7091,~7092A,aa:orf1a:V2276D,0.0196078431372549,51
1882,~1883T,aa:orf1a:A540S,0.05555555555555555,18
12850,~12851C,aa:orf1a:F4196L,0.03225806451612903,31
15521,~15522A,aa:orf1b:F685L,0.02857142857142857,35
22444,~22445T,aa:S:P295S,0.05263157894736842,19
3138,~3139T,aa:orf1a:K958N,0.012269938650306749,163
20973,~20974A,aa:orf1b:D2503N,0.045454545454545456,22
25356,~25357A,C25357A,0.0196078431372549,51
23592,~23593A,G23593A,0.011627906976744186,86
26688,~26689A,aa:M:L56Q,0.007194244604316547,139
3159,~3160A,T3160A,0.007633587786259542,131
23259,~23260G,C23260G,0.02564102564102564,39
18554,~18555A,aa:orf1b:D1696E,0.041666666666666664,24
23893,~23894T,aa:S:T778S,0.010752688172043012,93
23616,~23617G,T23617G,0.01,100
25643,~25644T,G25644T,0.024390243902439025,41
29182,~29183C,aa:N:I304L,0.030303030303030304,33
8685,~8686T,A8686T,0.018867924528301886,53
2918,~2919A,aa:orf1a:P885Q,0.005154639175257732,194
2915,~2916G,aa:orf1a:Q884R,0.005208333333333333,192
3124,~3125T,aa:orf1a:D954Y,0.005405405405405406,185
4402,~4403A,aa:orf1a:A1380T,0.017241379310344827,58
2880,~2881A,C2881A,0.006329113924050633,158
4403,~4404T,aa:orf1a:A1380V,0.017857142857142856,56
4384,~4385T,aa:orf1a:N1374Y,0.014492753623188406,69
11290,~11291A,aa:orf1a:G3676S,0.07407407407407407,27
28811,~28812T,aa:N:S180I,0.01818181818181818,55
6848,~6849A,aa:orf1a:P2195Q,0.013888888888888888,72
7728,~7729C,T7729C,0.05,20
21350,~21351C,aa:orf1b:W2628C,0.029411764705882353,34
21589,~21590G,aa:S:L10V,0.022222222222222223,45
7139,~7140A,aa:orf1a:L2292H,0.037037037037037035,27
7123,~7124T,aa:orf1a:P2287S,0.05128205128205128,39
25613,~25614A,C25614A,0.022727272727272728,44
27773,~27774T,aa:orf7b:I7F,0.016129032258064516,62
5529,~5530C,T5530C,0.02702702702702703,37
23580,~23581A,aa:S:S673R,0.013333333333333334,75
23844,~23845C,A23845C,0.00819672131147541,122
6827,~6828A,aa:orf1a:S2188Y,0.01282051282051282,78
7059,~7060C,T7060C,0.018518518518518517,54
9538,~9539T,aa:orf1a:L3092F,0.023809523809523808,42
3397,~3398G,aa:orf1a:I1045V,0.018518518518518517,54
3116,~3117A,aa:orf1a:T951N,0.005128205128205128,195
12537,~12538A,aa:orf1a:Y4091*,0.021739130434782608,46
14354,~14355C,aa:orf1b:R296S,0.027777777777777776,36
3385,~3386G,aa:orf1a:K1041E,0.02127659574468085,47
19527,~19528T,aa:orf1b:A2021S,0.023809523809523808,42
4342,~4343G,aa:orf1a:I1360V,0.016666666666666666,60
7030,~7031G,aa:orf1a:N2256D,0.016129032258064516,62
6806,~6807T,aa:orf1a:T2181I,0.01282051282051282,78
2585,~2586C,aa:orf1a:V774A,0.02040816326530612,49
6768,~6769C,T6769C,0.017241379310344827,58
12891,~12892A,G12892A,0.05,20
13172,~13173A,aa:orf1a:G4303D,0.034482758620689655,29
23596,~23597C,aa:S:N679H,0.01098901098901099,91
24526,~24527A,aa:S:A989T,0.01818181818181818,55
6221,~6222G,aa:orf1a:L1986*,0.041666666666666664,24
2546,~2547C,aa:orf1a:G761A,0.023809523809523808,42
11074,~11075C,aa:orf1a:F3604L,0.02631578947368421,38
3100,~3101A,aa:orf1a:Q946K,0.005050505050505051,198
7995,~7996A,G7996A,0.047619047619047616,21
28611,~28612G,A28612G,0.018867924528301886,53
28526,~28527T,aa:N:G85V,0.015873015873015872,63
18973,~18974C,aa:orf1b:V1836A,0.02631578947368421,38
23615,~23616C,aa:S:R685P,0.009900990099009901,101
23900,~23901C,aa:S:E780A,0.011494252873563218,87
23661,~23662C,T23662C,0.008130081300813009,123
1334,~1335A,aa:orf1a:C357Y,0.045454545454545456,22
1275,~1276G,T1276G,0.06666666666666667,15
9480,~9481A,T9481A,0.02702702702702703,37
11297,~11298C,aa:orf1a:K3678T,0.038461538461538464,26
16404,~16405T,aa:orf1b:V980F,0.023255813953488372,43
15010,~15011G,aa:orf1b:Q515R,0.03225806451612903,31
9475,~9476G,aa:orf1a:F3071V,0.03225806451612903,31
12596,~12597A,aa:orf1a:L4111H,0.02,50
20192,~20193T,aa:orf1b:E2242D,0.03333333333333333,30
20364,~20365A,aa:orf1b:H2300N,0.03125,32
20193,~20194C,aa:orf1b:T2243P,0.03333333333333333,30
7456,~7457C,aa:orf1a:V2398L,0.043478260869565216,23
7438,~7439C,aa:orf1a:Y2392H,0.041666666666666664,24
17405,~17406C,aa:orf1b:R1313S,0.03125,32
2454,~2455A,C2455A,0.03571428571428571,28
18893,~18894A,aa:orf1b:C1809*,0.03225806451612903,31
4287,~4288T,aa:orf1a:E1341D,0.017543859649122806,57
27265,~27266A,aa:orf6:F22Y,0.01818181818181818,55
3688,~3689T,aa:orf1a:E1142*,0.027777777777777776,36
8995,+8996.T,ins:8996:1,0.024390243902439025,41
7833,~7834A,aa:orf1a:N2523K,0.037037037037037035,27
21275,~21276G,A21276G,0.015625,64
20688,~20689T,aa:orf1b:M2408L,0.014925373134328358,67
27989,~27990A,aa:orf8:V33I,0.02631578947368421,38
12643,~12644C,aa:orf1a:I4127L,0.029411764705882353,34
24802,~24803G,aa:S:I1081V,0.02127659574468085,47
25081,~25082C,aa:S:A1174P,0.02127659574468085,47
20429,~20430G,T20430G,0.017241379310344827,58
23623,~23624T,aa:S:A688S,0.009900990099009901,101
23513,-23514.1,del:23514:1,0.01818181818181818,55
26975,~26976T,aa:M:A152S,0.010869565217391304,92
8360,~8361G,aa:orf1a:I2699S,0.02857142857142857,35
13252,~13253A,aa:orf1a:C4330S,0.024390243902439025,41
9234,~9235G,A9235G,0.015151515151515152,66
2812,~2813C,aa:orf1a:D850H,0.012658227848101266,79
2566,~2567A,aa:orf1a:Q768K,0.024390243902439025,41
8641,~8642A,aa:orf1a:V2793I,0.02127659574468085,47
20713,~20714T,aa:orf1b:R2416I,0.015384615384615385,65
5244,~5245G,A5245G,0.0196078431372549,51
27453,~27454A,aa:orf7a:Q21K,0.021739130434782608,46
11050,~11051A,aa:orf1a:Q3596K,0.024390243902439025,41
26325,~26326A,aa:E:L28I,0.02,50
26333,~26334G,A26334G,0.020833333333333332,48
16463,~16464T,aa:orf1b:K999N,0.037037037037037035,27
23520,~23521C,T23521C,0.01818181818181818,55
28797,~28798T,G28798T,0.017241379310344827,58
28850,~28851C,aa:N:S193T,0.0196078431372549,51
12354,~12355T,aa:orf1a:Q4030H,0.023255813953488372,43
13213,~13214C,aa:orf1a:D4317H,0.027777777777777776,36
15906,~15907T,aa:orf1b:G814C,0.06666666666666667,15
16142,~16143G,aa:orf1b:D892E,0.02564102564102564,39
975,~976T,aa:orf1a:E237D,0.02040816326530612,49
23608,~23609T,aa:S:R683W,0.010416666666666666,96
11423,~11424T,aa:orf1a:K3720I,0.034482758620689655,29
28334,~28335A,aa:N:S21*,0.009009009009009009,111
8049,~8050G,T8050G,0.022222222222222223,45
8066,~8067A,aa:orf1a:T2601N,0.023255813953488372,43
19539,~19540T,aa:orf1b:M2025L,0.020833333333333332,48
19540,~19541C,aa:orf1b:M2025T,0.02127659574468085,47
19587,~19588A,aa:orf1b:Y2041N,0.02857142857142857,35
28067,~28068C,aa:orf8:E59Q,0.015384615384615385,65
5601,~5602C,T5602C,0.023809523809523808,42
24562,~24563A,aa:S:L1001I,0.02564102564102564,39
405,~406T,aa:orf1a:K47N,0.05,20
9465,~9466C,T9466C,0.03225806451612903,31
18561,~18562C,aa:orf1b:K1699Q,0.04,25
5583,~5584G,A5584G,0.027777777777777776,36
5228,~5229C,aa:orf1a:K1655T,0.02,50
989,~990G,aa:orf1a:T242R,0.023255813953488372,43
22916,~22917G,aa:S:L452R,0.05714285714285714,35
27637,~27638C,aa:orf7a:V82A,0.025,40
27751,~27752T,aa:orf7a:T120I,0.017543859649122806,57
10156,~10157A,aa:orf1a:V3298I,0.02631578947368421,38
26766,~26767C,aa:M:I82T,0.006666666666666667,150
15450,~15451A,aa:orf1b:G662S,0.025,40
15276,~15277A,aa:orf1b:H604N,0.02127659574468085,47
28247,-28248.6,del:28248:6,0.009708737864077669,103
28078,~28079T,G28079T,0.014492753623188406,69
19219,~19220T,aa:orf1b:A1918V,0.023255813953488372,43
17089,~17090C,aa:orf1b:G1208A,0.05263157894736842,19
18316,~18317C,aa:orf1b:G1617A,0.05263157894736842,19
10442,~10443A,aa:orf1a:M3393K,0.02857142857142857,35
